theme,sub_theme,topic,geography_type,geography,metric,sex,age,stratum,year,date,metric_value,in_reporting_delay_period
infectious_disease,respiratory,Influenza,Nation,England,influenza_testing_positivityByWeek,all,all,default,2026,2026-01-05,11.9100,False
infectious_disease,respiratory,Influenza,Nation,England,influenza_testing_positivityByWeek,all,all,default,2025,2025-12-29,14.6300,False
infectious_disease,respiratory,Influenza,Nation,England,influenza_testing_positivityByWeek,all,all,default,2025,2025-12-22,15.1200,False
infectious_disease,respiratory,Influenza,Nation,England,influenza_testing_positivityByWeek,all,all,default,2025,2025-12-15,17.2500,False
infectious_disease,respiratory,Influenza,Nation,England,influenza_testing_positivityByWeek,all,all,default,2025,2025-12-08,19.6100,False
infectious_disease,respiratory,Influenza,Nation,England,influenza_testing_positivityByWeek,all,all,default,2025,2025-12-01,21.3100,False
infectious_disease,respiratory,Influenza,Nation,England,influenza_testing_positivityByWeek,all,all,default,2025,2025-11-24,15.5300,False
infectious_disease,respiratory,Influenza,Nation,England,influenza_testing_positivityByWeek,all,all,default,2025,2025-11-17,10.5200,False
infectious_disease,respiratory,Influenza,Nation,England,influenza_testing_positivityByWeek,all,all,default,2025,2025-11-10,11.0600,False
infectious_disease,respiratory,Influenza,Nation,England,influenza_testing_positivityByWeek,all,all,default,2025,2025-11-03,12.7800,False
infectious_disease,respiratory,Influenza,Nation,England,influenza_testing_positivityByWeek,all,all,default,2025,2025-10-27,11.9100,False
infectious_disease,respiratory,Influenza,Nation,England,influenza_testing_positivityByWeek,all,all,default,2025,2025-10-20,9.4100,False
infectious_disease,respiratory,Influenza,Nation,England,influenza_testing_positivityByWeek,all,all,default,2025,2025-10-13,7.4100,False
infectious_disease,respiratory,Influenza,Nation,England,influenza_testing_positivityByWeek,all,all,default,2025,2025-10-06,6.5500,False
infectious_disease,respiratory,Influenza,Nation,England,influenza_testing_positivityByWeek,all,all,default,2025,2025-09-29,4.8100,False
infectious_disease,respiratory,Influenza,Nation,England,influenza_testing_positivityByWeek,all,all,default,2025,2025-09-22,2.7200,False
infectious_disease,respiratory,Influenza,Nation,England,influenza_testing_positivityByWeek,all,all,default,2025,2025-09-15,1.3300,False
infectious_disease,respiratory,Influenza,Nation,England,influenza_testing_positivityByWeek,all,all,default,2025,2025-09-08,1.2900,False
infectious_disease,respiratory,Influenza,Nation,England,influenza_testing_positivityByWeek,all,all,default,2025,2025-09-01,1.0500,False
infectious_disease,respiratory,Influenza,Nation,England,influenza_testing_positivityByWeek,all,all,default,2025,2025-08-25,1.6400,False
infectious_disease,respiratory,Influenza,Nation,England,influenza_testing_positivityByWeek,all,all,default,2025,2025-08-18,1.2300,False
infectious_disease,respiratory,Influenza,Nation,England,influenza_testing_positivityByWeek,all,all,default,2025,2025-08-11,1.0000,False
infectious_disease,respiratory,Influenza,Nation,England,influenza_testing_positivityByWeek,all,all,default,2025,2025-08-04,1.0500,False
infectious_disease,respiratory,Influenza,Nation,England,influenza_testing_positivityByWeek,all,all,default,2025,2025-07-28,0.5200,False
infectious_disease,respiratory,Influenza,Nation,England,influenza_testing_positivityByWeek,all,all,default,2025,2025-07-21,0.8500,False
infectious_disease,respiratory,Influenza,Nation,England,influenza_testing_positivityByWeek,all,all,default,2025,2025-07-14,0.6600,False
infectious_disease,respiratory,Influenza,Nation,England,influenza_testing_positivityByWeek,all,all,default,2025,2025-07-07,1.1600,False
infectious_disease,respiratory,Influenza,Nation,England,influenza_testing_positivityByWeek,all,all,default,2025,2025-06-30,0.5700,False
infectious_disease,respiratory,Influenza,Nation,England,influenza_testing_positivityByWeek,all,all,default,2025,2025-06-23,1.0000,False
infectious_disease,respiratory,Influenza,Nation,England,influenza_testing_positivityByWeek,all,all,default,2025,2025-06-16,0.8400,False
infectious_disease,respiratory,Influenza,Nation,England,influenza_testing_positivityByWeek,all,all,default,2025,2025-06-09,1.0500,False
infectious_disease,respiratory,Influenza,Nation,England,influenza_testing_positivityByWeek,all,all,default,2025,2025-06-02,0.6900,False
infectious_disease,respiratory,Influenza,Nation,England,influenza_testing_positivityByWeek,all,all,default,2025,2025-05-26,0.8900,False
infectious_disease,respiratory,Influenza,Nation,England,influenza_testing_positivityByWeek,all,all,default,2025,2025-05-19,1.1900,False
infectious_disease,respiratory,Influenza,Nation,England,influenza_testing_positivityByWeek,all,all,default,2025,2025-05-12,1.2900,False
infectious_disease,respiratory,Influenza,Nation,England,influenza_testing_positivityByWeek,all,all,default,2025,2025-05-05,1.6700,False
infectious_disease,respiratory,Influenza,Nation,England,influenza_testing_positivityByWeek,all,all,default,2025,2025-04-28,1.6200,False
infectious_disease,respiratory,Influenza,Nation,England,influenza_testing_positivityByWeek,all,all,default,2025,2025-04-21,2.0500,False
infectious_disease,respiratory,Influenza,Nation,England,influenza_testing_positivityByWeek,all,all,default,2025,2025-04-14,3.0200,False
infectious_disease,respiratory,Influenza,Nation,England,influenza_testing_positivityByWeek,all,all,default,2025,2025-04-07,3.9100,False
infectious_disease,respiratory,Influenza,Nation,England,influenza_testing_positivityByWeek,all,all,default,2025,2025-03-31,4.9100,False
infectious_disease,respiratory,Influenza,Nation,England,influenza_testing_positivityByWeek,all,all,default,2025,2025-03-24,6.2700,False
infectious_disease,respiratory,Influenza,Nation,England,influenza_testing_positivityByWeek,all,all,default,2025,2025-03-17,6.5200,False
infectious_disease,respiratory,Influenza,Nation,England,influenza_testing_positivityByWeek,all,all,default,2025,2025-03-10,7.4100,False
infectious_disease,respiratory,Influenza,Nation,England,influenza_testing_positivityByWeek,all,all,default,2025,2025-03-03,7.0000,False
infectious_disease,respiratory,Influenza,Nation,England,influenza_testing_positivityByWeek,all,all,default,2025,2025-02-24,8.9400,False
infectious_disease,respiratory,Influenza,Nation,England,influenza_testing_positivityByWeek,all,all,default,2025,2025-02-17,10.2000,False
infectious_disease,respiratory,Influenza,Nation,England,influenza_testing_positivityByWeek,all,all,default,2025,2025-02-10,10.6400,False
infectious_disease,respiratory,Influenza,Nation,England,influenza_testing_positivityByWeek,all,all,default,2025,2025-02-03,11.8000,False
infectious_disease,respiratory,Influenza,Nation,England,influenza_testing_positivityByWeek,all,all,default,2025,2025-01-27,13.2000,False
infectious_disease,respiratory,Influenza,Nation,England,influenza_testing_positivityByWeek,all,all,default,2025,2025-01-20,13.8800,False
infectious_disease,respiratory,Influenza,Nation,England,influenza_testing_positivityByWeek,all,all,default,2025,2025-01-13,15.3000,False
infectious_disease,respiratory,Influenza,Nation,England,influenza_testing_positivityByWeek,all,all,default,2025,2025-01-06,17.3300,False
infectious_disease,respiratory,Influenza,Nation,England,influenza_testing_positivityByWeek,all,all,default,2024,2024-12-30,22.8700,False
infectious_disease,respiratory,Influenza,Nation,England,influenza_testing_positivityByWeek,all,all,default,2024,2024-12-23,26.6600,False
infectious_disease,respiratory,Influenza,Nation,England,influenza_testing_positivityByWeek,all,all,default,2024,2024-12-16,21.4000,False
infectious_disease,respiratory,Influenza,Nation,England,influenza_testing_positivityByWeek,all,all,default,2024,2024-12-09,17.8100,False
infectious_disease,respiratory,Influenza,Nation,England,influenza_testing_positivityByWeek,all,all,default,2024,2024-12-02,14.5800,False
infectious_disease,respiratory,Influenza,Nation,England,influenza_testing_positivityByWeek,all,all,default,2024,2024-11-25,10.1900,False
infectious_disease,respiratory,Influenza,Nation,England,influenza_testing_positivityByWeek,all,all,default,2024,2024-11-18,6.7300,False
infectious_disease,respiratory,Influenza,Nation,England,influenza_testing_positivityByWeek,all,all,default,2024,2024-11-11,4.3600,False
infectious_disease,respiratory,Influenza,Nation,England,influenza_testing_positivityByWeek,all,all,default,2024,2024-11-04,2.9600,False
infectious_disease,respiratory,Influenza,Nation,England,influenza_testing_positivityByWeek,all,all,default,2024,2024-10-28,2.7700,False
infectious_disease,respiratory,Influenza,Nation,England,influenza_testing_positivityByWeek,all,all,default,2024,2024-10-21,3.0200,False
infectious_disease,respiratory,Influenza,Nation,England,influenza_testing_positivityByWeek,all,all,default,2024,2024-10-14,2.0800,False
infectious_disease,respiratory,Influenza,Nation,England,influenza_testing_positivityByWeek,all,all,default,2024,2024-10-07,2.1900,False
infectious_disease,respiratory,Influenza,Nation,England,influenza_testing_positivityByWeek,all,all,default,2024,2024-09-30,1.7100,False
infectious_disease,respiratory,Influenza,Nation,England,influenza_testing_positivityByWeek,all,all,default,2024,2024-09-23,1.3300,False
infectious_disease,respiratory,Influenza,Nation,England,influenza_testing_positivityByWeek,all,all,default,2024,2024-09-16,1.2300,False
infectious_disease,respiratory,Influenza,Nation,England,influenza_testing_positivityByWeek,all,all,default,2024,2024-09-09,1.0700,False
infectious_disease,respiratory,Influenza,Nation,England,influenza_testing_positivityByWeek,all,all,default,2024,2024-09-02,0.9000,False
infectious_disease,respiratory,Influenza,Nation,England,influenza_testing_positivityByWeek,all,all,default,2024,2024-08-26,0.8800,False
infectious_disease,respiratory,Influenza,Nation,England,influenza_testing_positivityByWeek,all,all,default,2024,2024-08-19,1.0100,False
infectious_disease,respiratory,Influenza,Nation,England,influenza_testing_positivityByWeek,all,all,default,2024,2024-08-12,1.4200,False
infectious_disease,respiratory,Influenza,Nation,England,influenza_testing_positivityByWeek,all,all,default,2024,2024-08-05,0.8600,False
infectious_disease,respiratory,Influenza,Nation,England,influenza_testing_positivityByWeek,all,all,default,2024,2024-07-29,1.3100,False
infectious_disease,respiratory,Influenza,Nation,England,influenza_testing_positivityByWeek,all,all,default,2024,2024-07-22,1.1300,False
infectious_disease,respiratory,Influenza,Nation,England,influenza_testing_positivityByWeek,all,all,default,2024,2024-07-15,1.2500,False
infectious_disease,respiratory,Influenza,Nation,England,influenza_testing_positivityByWeek,all,all,default,2024,2024-07-08,1.1800,False
infectious_disease,respiratory,Influenza,Nation,England,influenza_testing_positivityByWeek,all,all,default,2024,2024-07-01,0.6800,False
infectious_disease,respiratory,Influenza,Nation,England,influenza_testing_positivityByWeek,all,all,default,2024,2024-06-24,0.5600,False
infectious_disease,respiratory,Influenza,Nation,England,influenza_testing_positivityByWeek,all,all,default,2024,2024-06-17,0.8100,False
infectious_disease,respiratory,Influenza,Nation,England,influenza_testing_positivityByWeek,all,all,default,2024,2024-06-10,0.8200,False
infectious_disease,respiratory,Influenza,Nation,England,influenza_testing_positivityByWeek,all,all,default,2024,2024-06-03,0.8600,False
infectious_disease,respiratory,Influenza,Nation,England,influenza_testing_positivityByWeek,all,all,default,2024,2024-05-27,0.7800,False
infectious_disease,respiratory,Influenza,Nation,England,influenza_testing_positivityByWeek,all,all,default,2024,2024-05-20,0.9700,False
infectious_disease,respiratory,Influenza,Nation,England,influenza_testing_positivityByWeek,all,all,default,2024,2024-05-13,1.3800,False
infectious_disease,respiratory,Influenza,Nation,England,influenza_testing_positivityByWeek,all,all,default,2024,2024-05-06,1.8700,False
infectious_disease,respiratory,Influenza,Nation,England,influenza_testing_positivityByWeek,all,all,default,2024,2024-04-29,2.5000,False
infectious_disease,respiratory,Influenza,Nation,England,influenza_testing_positivityByWeek,all,all,default,2024,2024-04-22,2.3900,False
infectious_disease,respiratory,Influenza,Nation,England,influenza_testing_positivityByWeek,all,all,default,2024,2024-04-15,2.2300,False
infectious_disease,respiratory,Influenza,Nation,England,influenza_testing_positivityByWeek,all,all,default,2024,2024-04-08,2.7100,False
infectious_disease,respiratory,Influenza,Nation,England,influenza_testing_positivityByWeek,all,all,default,2024,2024-04-01,3.7400,False
infectious_disease,respiratory,Influenza,Nation,England,influenza_testing_positivityByWeek,all,all,default,2024,2024-03-25,3.8100,False
infectious_disease,respiratory,Influenza,Nation,England,influenza_testing_positivityByWeek,all,all,default,2024,2024-03-18,4.8900,False
infectious_disease,respiratory,Influenza,Nation,England,influenza_testing_positivityByWeek,all,all,default,2024,2024-03-11,6.4200,False
infectious_disease,respiratory,Influenza,Nation,England,influenza_testing_positivityByWeek,all,all,default,2024,2024-03-04,5.7700,False
infectious_disease,respiratory,Influenza,Nation,England,influenza_testing_positivityByWeek,all,all,default,2024,2024-02-26,6.2000,False
infectious_disease,respiratory,Influenza,Nation,England,influenza_testing_positivityByWeek,all,all,default,2024,2024-02-19,8.2300,False
infectious_disease,respiratory,Influenza,Nation,England,influenza_testing_positivityByWeek,all,all,default,2024,2024-02-12,10.9000,False
infectious_disease,respiratory,Influenza,Nation,England,influenza_testing_positivityByWeek,all,all,default,2024,2024-02-05,12.8100,False
infectious_disease,respiratory,Influenza,Nation,England,influenza_testing_positivityByWeek,all,all,default,2024,2024-01-29,15.4900,False
infectious_disease,respiratory,Influenza,Nation,England,influenza_testing_positivityByWeek,all,all,default,2024,2024-01-22,17.6000,False
infectious_disease,respiratory,Influenza,Nation,England,influenza_testing_positivityByWeek,all,all,default,2024,2024-01-15,13.8100,False
infectious_disease,respiratory,Influenza,Nation,England,influenza_testing_positivityByWeek,all,all,default,2024,2024-01-08,10.0000,False
infectious_disease,respiratory,Influenza,Nation,England,influenza_testing_positivityByWeek,all,all,default,2024,2024-01-01,9.7400,False
infectious_disease,respiratory,Influenza,Nation,England,influenza_testing_positivityByWeek,all,all,default,2023,2023-12-25,11.7100,False
infectious_disease,respiratory,Influenza,Nation,England,influenza_testing_positivityByWeek,all,all,default,2023,2023-12-18,11.4500,False
infectious_disease,respiratory,Influenza,Nation,England,influenza_testing_positivityByWeek,all,all,default,2023,2023-12-11,9.5900,False
infectious_disease,respiratory,Influenza,Nation,England,influenza_testing_positivityByWeek,all,all,default,2023,2023-12-04,6.0700,False
infectious_disease,respiratory,Influenza,Nation,England,influenza_testing_positivityByWeek,all,all,default,2023,2023-11-27,2.9400,False
infectious_disease,respiratory,Influenza,Nation,England,influenza_testing_positivityByWeek,all,all,default,2023,2023-11-20,1.9700,False
infectious_disease,respiratory,Influenza,Nation,England,influenza_testing_positivityByWeek,all,all,default,2023,2023-11-13,1.7400,False
infectious_disease,respiratory,Influenza,Nation,England,influenza_testing_positivityByWeek,all,all,default,2023,2023-11-06,1.9400,False
infectious_disease,respiratory,Influenza,Nation,England,influenza_testing_positivityByWeek,all,all,default,2023,2023-10-30,1.5500,False
infectious_disease,respiratory,Influenza,Nation,England,influenza_testing_positivityByWeek,all,all,default,2023,2023-10-23,1.1100,False
infectious_disease,respiratory,Influenza,Nation,England,influenza_testing_positivityByWeek,all,all,default,2023,2023-10-16,1.0300,False
infectious_disease,respiratory,Influenza,Nation,England,influenza_testing_positivityByWeek,all,all,default,2023,2023-10-09,1.1000,False
infectious_disease,respiratory,Influenza,Nation,England,influenza_testing_positivityByWeek,all,all,default,2023,2023-10-02,1.1000,False
infectious_disease,respiratory,Influenza,Nation,England,influenza_testing_positivityByWeek,all,all,default,2023,2023-09-25,0.6100,False
infectious_disease,respiratory,Influenza,Nation,England,influenza_testing_positivityByWeek,all,all,default,2023,2023-09-18,0.8300,False
infectious_disease,respiratory,Influenza,Nation,England,influenza_testing_positivityByWeek,all,all,default,2023,2023-09-11,1.1100,False
infectious_disease,respiratory,Influenza,Nation,England,influenza_testing_positivityByWeek,all,all,default,2023,2023-09-04,0.8200,False
infectious_disease,respiratory,Influenza,Nation,England,influenza_testing_positivityByWeek,all,all,default,2023,2023-08-28,0.5300,False
infectious_disease,respiratory,Influenza,Nation,England,influenza_testing_positivityByWeek,all,all,default,2023,2023-08-21,0.5600,False
infectious_disease,respiratory,Influenza,Nation,England,influenza_testing_positivityByWeek,all,all,default,2023,2023-08-14,0.5000,False
infectious_disease,respiratory,Influenza,Nation,England,influenza_testing_positivityByWeek,all,all,default,2023,2023-08-07,1.1000,False
infectious_disease,respiratory,Influenza,Nation,England,influenza_testing_positivityByWeek,all,all,default,2023,2023-07-31,0.3500,False
infectious_disease,respiratory,Influenza,Nation,England,influenza_testing_positivityByWeek,all,all,default,2023,2023-07-24,0.7200,False
infectious_disease,respiratory,Influenza,Nation,England,influenza_testing_positivityByWeek,all,all,default,2023,2023-07-17,0.7300,False
infectious_disease,respiratory,Influenza,Nation,England,influenza_testing_positivityByWeek,all,all,default,2023,2023-07-10,0.5700,False
infectious_disease,respiratory,Influenza,Nation,England,influenza_testing_positivityByWeek,all,all,default,2023,2023-07-03,0.6400,False
infectious_disease,respiratory,Influenza,Nation,England,influenza_testing_positivityByWeek,all,all,default,2023,2023-06-26,0.3400,False
infectious_disease,respiratory,Influenza,Nation,England,influenza_testing_positivityByWeek,all,all,default,2023,2023-06-19,0.6000,False
infectious_disease,respiratory,Influenza,Nation,England,influenza_testing_positivityByWeek,all,all,default,2023,2023-06-12,0.4700,False
infectious_disease,respiratory,Influenza,Nation,England,influenza_testing_positivityByWeek,all,all,default,2023,2023-06-05,0.4900,False
infectious_disease,respiratory,Influenza,Nation,England,influenza_testing_positivityByWeek,all,all,default,2023,2023-05-29,0.4000,False
infectious_disease,respiratory,Influenza,Nation,England,influenza_testing_positivityByWeek,all,all,default,2023,2023-05-22,0.6600,False
infectious_disease,respiratory,Influenza,Nation,England,influenza_testing_positivityByWeek,all,all,default,2023,2023-05-15,0.4100,False
infectious_disease,respiratory,Influenza,Nation,England,influenza_testing_positivityByWeek,all,all,default,2023,2023-05-08,0.8800,False
infectious_disease,respiratory,Influenza,Nation,England,influenza_testing_positivityByWeek,all,all,default,2023,2023-05-01,0.9400,False
infectious_disease,respiratory,Influenza,Nation,England,influenza_testing_positivityByWeek,all,all,default,2023,2023-04-24,1.0600,False
infectious_disease,respiratory,Influenza,Nation,England,influenza_testing_positivityByWeek,all,all,default,2023,2023-04-17,0.9400,False
infectious_disease,respiratory,Influenza,Nation,England,influenza_testing_positivityByWeek,all,all,default,2023,2023-04-10,1.1000,False
infectious_disease,respiratory,Influenza,Nation,England,influenza_testing_positivityByWeek,all,all,default,2023,2023-04-03,1.6200,False
infectious_disease,respiratory,Influenza,Nation,England,influenza_testing_positivityByWeek,all,all,default,2023,2023-03-27,1.6100,False
infectious_disease,respiratory,Influenza,Nation,England,influenza_testing_positivityByWeek,all,all,default,2023,2023-03-20,1.6100,False
infectious_disease,respiratory,Influenza,Nation,England,influenza_testing_positivityByWeek,all,all,default,2023,2023-03-13,2.1900,False
infectious_disease,respiratory,Influenza,Nation,England,influenza_testing_positivityByWeek,all,all,default,2023,2023-03-06,2.5500,False
infectious_disease,respiratory,Influenza,Nation,England,influenza_testing_positivityByWeek,all,all,default,2023,2023-02-27,1.9000,False
infectious_disease,respiratory,Influenza,Nation,England,influenza_testing_positivityByWeek,all,all,default,2023,2023-02-20,2.3700,False
infectious_disease,respiratory,Influenza,Nation,England,influenza_testing_positivityByWeek,all,all,default,2023,2023-02-13,2.5500,False
infectious_disease,respiratory,Influenza,Nation,England,influenza_testing_positivityByWeek,all,all,default,2023,2023-02-06,2.0300,False
infectious_disease,respiratory,Influenza,Nation,England,influenza_testing_positivityByWeek,all,all,default,2023,2023-01-30,2.6600,False
infectious_disease,respiratory,Influenza,Nation,England,influenza_testing_positivityByWeek,all,all,default,2023,2023-01-23,3.2900,False
infectious_disease,respiratory,Influenza,Nation,England,influenza_testing_positivityByWeek,all,all,default,2023,2023-01-16,3.4100,False
infectious_disease,respiratory,Influenza,Nation,England,influenza_testing_positivityByWeek,all,all,default,2023,2023-01-09,7.0800,False
infectious_disease,respiratory,Influenza,Nation,England,influenza_testing_positivityByWeek,all,all,default,2023,2023-01-02,14.6700,False
infectious_disease,respiratory,Influenza,Nation,England,influenza_testing_positivityByWeek,all,all,default,2022,2022-12-26,28.0200,False
infectious_disease,respiratory,Influenza,Nation,England,influenza_testing_positivityByWeek,all,all,default,2022,2022-12-19,32.6400,False
infectious_disease,respiratory,Influenza,Nation,England,influenza_testing_positivityByWeek,all,all,default,2022,2022-12-12,29.1800,False
infectious_disease,respiratory,Influenza,Nation,England,influenza_testing_positivityByWeek,all,all,default,2022,2022-12-05,22.7400,False
infectious_disease,respiratory,Influenza,Nation,England,influenza_testing_positivityByWeek,all,all,default,2022,2022-11-28,16.4500,False
infectious_disease,respiratory,Influenza,Nation,England,influenza_testing_positivityByWeek,all,all,default,2022,2022-11-21,12.3800,False
infectious_disease,respiratory,Influenza,Nation,England,influenza_testing_positivityByWeek,all,all,default,2022,2022-11-14,9.7200,False
infectious_disease,respiratory,Influenza,Nation,England,influenza_testing_positivityByWeek,all,all,default,2022,2022-11-07,9.3200,False
infectious_disease,respiratory,Influenza,Nation,England,influenza_testing_positivityByWeek,all,all,default,2022,2022-10-31,7.9700,False
infectious_disease,respiratory,Influenza,Nation,England,influenza_testing_positivityByWeek,all,all,default,2022,2022-10-24,7.6000,False
infectious_disease,respiratory,Influenza,Nation,England,influenza_testing_positivityByWeek,all,all,default,2022,2022-10-17,6.2400,False
infectious_disease,respiratory,Influenza,Nation,England,influenza_testing_positivityByWeek,all,all,default,2022,2022-10-10,5.6800,False
infectious_disease,respiratory,Influenza,Nation,England,influenza_testing_positivityByWeek,all,all,default,2022,2022-10-03,4.4700,False
infectious_disease,respiratory,Influenza,Nation,England,influenza_testing_positivityByWeek,all,all,default,2022,2022-09-26,3.1400,False
infectious_disease,respiratory,Influenza,Nation,England,influenza_testing_positivityByWeek,all,all,default,2022,2022-09-19,2.5900,False
infectious_disease,respiratory,Influenza,Nation,England,influenza_testing_positivityByWeek,all,all,default,2022,2022-09-12,3.4400,False
infectious_disease,respiratory,Influenza,Nation,England,influenza_testing_positivityByWeek,all,all,default,2022,2022-09-05,2.5100,False
infectious_disease,respiratory,Influenza,Nation,England,influenza_testing_positivityByWeek,all,all,default,2022,2022-08-29,1.1700,False
infectious_disease,respiratory,Influenza,Nation,England,influenza_testing_positivityByWeek,all,all,default,2022,2022-08-22,0.5800,False
infectious_disease,respiratory,Influenza,Nation,England,influenza_testing_positivityByWeek,all,all,default,2022,2022-08-15,0.8800,False
infectious_disease,respiratory,Influenza,Nation,England,influenza_testing_positivityByWeek,all,all,default,2022,2022-08-08,1.9100,False
infectious_disease,respiratory,Influenza,Nation,England,influenza_testing_positivityByWeek,all,all,default,2022,2022-08-01,0.8100,False
infectious_disease,respiratory,Influenza,Nation,England,influenza_testing_positivityByWeek,all,all,default,2022,2022-07-25,0.5300,False
infectious_disease,respiratory,Influenza,Nation,England,influenza_testing_positivityByWeek,all,all,default,2022,2022-07-18,0.5700,False
infectious_disease,respiratory,Influenza,Nation,England,influenza_testing_positivityByWeek,all,all,default,2022,2022-07-11,1.2600,False
infectious_disease,respiratory,Influenza,Nation,England,influenza_testing_positivityByWeek,all,all,default,2022,2022-07-04,0.7000,False
infectious_disease,respiratory,Influenza,Nation,England,influenza_testing_positivityByWeek,all,all,default,2022,2022-06-27,0.4700,False
infectious_disease,respiratory,Influenza,Nation,England,influenza_testing_positivityByWeek,all,all,default,2022,2022-06-20,0.5200,False
infectious_disease,respiratory,Influenza,Nation,England,influenza_testing_positivityByWeek,all,all,default,2022,2022-06-13,0.5300,False
infectious_disease,respiratory,Influenza,Nation,England,influenza_testing_positivityByWeek,all,all,default,2022,2022-06-06,1.6100,False
infectious_disease,respiratory,Influenza,Nation,England,influenza_testing_positivityByWeek,all,all,default,2022,2022-05-30,1.0100,False
infectious_disease,respiratory,Influenza,Nation,England,influenza_testing_positivityByWeek,all,all,default,2022,2022-05-23,0.8600,False
infectious_disease,respiratory,Influenza,Nation,England,influenza_testing_positivityByWeek,all,all,default,2022,2022-05-16,1.3600,False
infectious_disease,respiratory,Influenza,Nation,England,influenza_testing_positivityByWeek,all,all,default,2022,2022-05-09,2.5800,False
infectious_disease,respiratory,Influenza,Nation,England,influenza_testing_positivityByWeek,all,all,default,2022,2022-05-02,2.0100,False
infectious_disease,respiratory,Influenza,Nation,England,influenza_testing_positivityByWeek,all,all,default,2022,2022-04-25,2.1900,False
infectious_disease,respiratory,Influenza,Nation,England,influenza_testing_positivityByWeek,all,all,default,2022,2022-04-18,2.9400,False
infectious_disease,respiratory,Influenza,Nation,England,influenza_testing_positivityByWeek,all,all,default,2022,2022-04-11,4.7700,False
infectious_disease,respiratory,Influenza,Nation,England,influenza_testing_positivityByWeek,all,all,default,2022,2022-04-04,5.0200,False
infectious_disease,respiratory,Influenza,Nation,England,influenza_testing_positivityByWeek,all,all,default,2022,2022-03-28,5.0000,False
infectious_disease,respiratory,Influenza,Nation,England,influenza_testing_positivityByWeek,all,all,default,2022,2022-03-21,4.3400,False
infectious_disease,respiratory,Influenza,Nation,England,influenza_testing_positivityByWeek,all,all,default,2022,2022-03-14,3.1600,False
infectious_disease,respiratory,Influenza,Nation,England,influenza_testing_positivityByWeek,all,all,default,2022,2022-03-07,2.4800,False
infectious_disease,respiratory,Influenza,Nation,England,influenza_testing_positivityByWeek,all,all,default,2022,2022-02-28,1.6000,False
infectious_disease,respiratory,Influenza,Nation,England,influenza_testing_positivityByWeek,all,all,default,2022,2022-02-21,1.2100,False
infectious_disease,respiratory,Influenza,Nation,England,influenza_testing_positivityByWeek,all,all,default,2022,2022-02-14,0.8900,False
infectious_disease,respiratory,Influenza,Nation,England,influenza_testing_positivityByWeek,all,all,default,2022,2022-02-07,1.5500,False
infectious_disease,respiratory,Influenza,Nation,England,influenza_testing_positivityByWeek,all,all,default,2022,2022-01-31,0.3900,False
infectious_disease,respiratory,Influenza,Nation,England,influenza_testing_positivityByWeek,all,all,default,2022,2022-01-24,0.4800,False
infectious_disease,respiratory,Influenza,Nation,England,influenza_testing_positivityByWeek,all,all,default,2022,2022-01-17,0.3700,False
infectious_disease,respiratory,Influenza,Nation,England,influenza_testing_positivityByWeek,all,all,default,2022,2022-01-10,0.9900,False
infectious_disease,respiratory,Influenza,Nation,England,influenza_testing_positivityByWeek,all,all,default,2022,2022-01-03,0.5800,False
infectious_disease,respiratory,Influenza,Nation,England,influenza_testing_positivityByWeek,all,all,default,2021,2021-12-27,0.6100,False
infectious_disease,respiratory,Influenza,Nation,England,influenza_testing_positivityByWeek,all,all,default,2021,2021-12-20,0.8300,False
infectious_disease,respiratory,Influenza,Nation,England,influenza_testing_positivityByWeek,all,all,default,2021,2021-12-13,1.0700,False
infectious_disease,respiratory,Influenza,Nation,England,influenza_testing_positivityByWeek,all,all,default,2021,2021-12-06,1.0300,False
infectious_disease,respiratory,Influenza,Nation,England,influenza_testing_positivityByWeek,all,all,default,2021,2021-11-29,0.9500,False
infectious_disease,respiratory,Influenza,Nation,England,influenza_testing_positivityByWeek,all,all,default,2021,2021-11-22,0.7800,False
infectious_disease,respiratory,Influenza,Nation,England,influenza_testing_positivityByWeek,all,all,default,2021,2021-11-15,0.6400,False
infectious_disease,respiratory,Influenza,Nation,England,influenza_testing_positivityByWeek,all,all,default,2021,2021-11-08,0.9000,False
infectious_disease,respiratory,Influenza,Nation,England,influenza_testing_positivityByWeek,all,all,default,2021,2021-11-01,0.4300,False
infectious_disease,respiratory,Influenza,Nation,England,influenza_testing_positivityByWeek,all,all,default,2021,2021-10-25,0.7600,False
infectious_disease,respiratory,Influenza,Nation,England,influenza_testing_positivityByWeek,all,all,default,2021,2021-10-18,0.7800,False
infectious_disease,respiratory,Influenza,Nation,England,influenza_testing_positivityByWeek,all,all,default,2021,2021-10-11,0.7000,False
infectious_disease,respiratory,Influenza,Nation,England,influenza_testing_positivityByWeek,all,all,default,2021,2021-10-04,0.7500,False
infectious_disease,respiratory,Influenza,Nation,England,influenza_testing_positivityByWeek,all,all,default,2021,2021-09-27,0.4700,False
infectious_disease,respiratory,Influenza,Nation,England,influenza_testing_positivityByWeek,all,all,default,2021,2021-09-20,0.2300,False
infectious_disease,respiratory,Influenza,Nation,England,influenza_testing_positivityByWeek,all,all,default,2021,2021-09-13,0.0900,False
infectious_disease,respiratory,Influenza,Nation,England,influenza_testing_positivityByWeek,all,all,default,2021,2021-09-06,0.0000,False
infectious_disease,respiratory,Influenza,Nation,England,influenza_testing_positivityByWeek,all,all,default,2021,2021-08-30,0.0400,False
infectious_disease,respiratory,Influenza,Nation,England,influenza_testing_positivityByWeek,all,all,default,2021,2021-08-23,0.0300,False
infectious_disease,respiratory,Influenza,Nation,England,influenza_testing_positivityByWeek,all,all,default,2021,2021-08-16,0.0300,False
infectious_disease,respiratory,Influenza,Nation,England,influenza_testing_positivityByWeek,all,all,default,2021,2021-08-09,0.0800,False
infectious_disease,respiratory,Influenza,Nation,England,influenza_testing_positivityByWeek,all,all,default,2021,2021-08-02,0.0300,False
infectious_disease,respiratory,Influenza,Nation,England,influenza_testing_positivityByWeek,all,all,default,2021,2021-07-26,0.0300,False
infectious_disease,respiratory,Influenza,Nation,England,influenza_testing_positivityByWeek,all,all,default,2021,2021-07-19,0.0000,False
infectious_disease,respiratory,Influenza,Nation,England,influenza_testing_positivityByWeek,all,all,default,2021,2021-07-12,0.0000,False
infectious_disease,respiratory,Influenza,Nation,England,influenza_testing_positivityByWeek,all,all,default,2021,2021-07-05,0.0000,False
infectious_disease,respiratory,Influenza,Nation,England,influenza_testing_positivityByWeek,all,all,default,2021,2021-06-28,0.0300,False
infectious_disease,respiratory,Influenza,Nation,England,influenza_testing_positivityByWeek,all,all,default,2021,2021-06-21,0.0000,False
infectious_disease,respiratory,Influenza,Nation,England,influenza_testing_positivityByWeek,all,all,default,2021,2021-06-14,0.0000,False
infectious_disease,respiratory,Influenza,Nation,England,influenza_testing_positivityByWeek,all,all,default,2021,2021-06-07,0.0000,False
infectious_disease,respiratory,Influenza,Nation,England,influenza_testing_positivityByWeek,all,all,default,2021,2021-05-31,0.0800,False
infectious_disease,respiratory,Influenza,Nation,England,influenza_testing_positivityByWeek,all,all,default,2021,2021-05-24,0.0000,False
infectious_disease,respiratory,Influenza,Nation,England,influenza_testing_positivityByWeek,all,all,default,2021,2021-05-17,0.0000,False
infectious_disease,respiratory,Influenza,Nation,England,influenza_testing_positivityByWeek,all,all,default,2021,2021-05-10,0.0000,False
infectious_disease,respiratory,Influenza,Nation,England,influenza_testing_positivityByWeek,all,all,default,2021,2021-05-03,0.0000,False
infectious_disease,respiratory,Influenza,Nation,England,influenza_testing_positivityByWeek,all,all,default,2021,2021-04-26,0.0000,False
infectious_disease,respiratory,Influenza,Nation,England,influenza_testing_positivityByWeek,all,all,default,2021,2021-04-19,0.0000,False
infectious_disease,respiratory,Influenza,Nation,England,influenza_testing_positivityByWeek,all,all,default,2021,2021-04-12,0.0900,False
infectious_disease,respiratory,Influenza,Nation,England,influenza_testing_positivityByWeek,all,all,default,2021,2021-04-05,0.0300,False
infectious_disease,respiratory,Influenza,Nation,England,influenza_testing_positivityByWeek,all,all,default,2021,2021-03-29,0.0500,False
infectious_disease,respiratory,Influenza,Nation,England,influenza_testing_positivityByWeek,all,all,default,2021,2021-03-22,0.0300,False
infectious_disease,respiratory,Influenza,Nation,England,influenza_testing_positivityByWeek,all,all,default,2021,2021-03-15,0.0200,False
infectious_disease,respiratory,Influenza,Nation,England,influenza_testing_positivityByWeek,all,all,default,2021,2021-03-08,0.0000,False
infectious_disease,respiratory,Influenza,Nation,England,influenza_testing_positivityByWeek,all,all,default,2021,2021-03-01,0.0000,False
infectious_disease,respiratory,Influenza,Nation,England,influenza_testing_positivityByWeek,all,all,default,2021,2021-02-22,0.0200,False
infectious_disease,respiratory,Influenza,Nation,England,influenza_testing_positivityByWeek,all,all,default,2021,2021-02-15,0.0000,False
infectious_disease,respiratory,Influenza,Nation,England,influenza_testing_positivityByWeek,all,all,default,2021,2021-02-08,0.0000,False
infectious_disease,respiratory,Influenza,Nation,England,influenza_testing_positivityByWeek,all,all,default,2021,2021-02-01,0.0000,False
infectious_disease,respiratory,Influenza,Nation,England,influenza_testing_positivityByWeek,all,all,default,2021,2021-01-25,0.0000,False
infectious_disease,respiratory,Influenza,Nation,England,influenza_testing_positivityByWeek,all,all,default,2021,2021-01-18,0.0000,False
infectious_disease,respiratory,Influenza,Nation,England,influenza_testing_positivityByWeek,all,all,default,2021,2021-01-11,0.0400,False
infectious_disease,respiratory,Influenza,Nation,England,influenza_testing_positivityByWeek,all,all,default,2021,2021-01-04,0.0400,False
infectious_disease,respiratory,Influenza,Nation,England,influenza_testing_positivityByWeek,all,all,default,2020,2020-12-28,0.0000,False
infectious_disease,respiratory,Influenza,Nation,England,influenza_testing_positivityByWeek,all,all,default,2020,2020-12-21,0.0600,False
infectious_disease,respiratory,Influenza,Nation,England,influenza_testing_positivityByWeek,all,all,default,2020,2020-12-14,0.1600,False
infectious_disease,respiratory,Influenza,Nation,England,influenza_testing_positivityByWeek,all,all,default,2020,2020-12-07,0.0600,False
infectious_disease,respiratory,Influenza,Nation,England,influenza_testing_positivityByWeek,all,all,default,2020,2020-11-30,0.0900,False
infectious_disease,respiratory,Influenza,Nation,England,influenza_testing_positivityByWeek,all,all,default,2020,2020-11-23,0.1700,False
infectious_disease,respiratory,Influenza,Nation,England,influenza_testing_positivityByWeek,all,all,default,2020,2020-11-16,0.2600,False
infectious_disease,respiratory,Influenza,Nation,England,influenza_testing_positivityByWeek,all,all,default,2020,2020-11-09,0.0500,False
infectious_disease,respiratory,Influenza,Nation,England,influenza_testing_positivityByWeek,all,all,default,2020,2020-11-02,0.0500,False
infectious_disease,respiratory,Influenza,Nation,England,influenza_testing_positivityByWeek,all,all,default,2020,2020-10-26,0.0000,False
infectious_disease,respiratory,Influenza,Nation,England,influenza_testing_positivityByWeek,all,all,default,2020,2020-10-19,0.0000,False
infectious_disease,respiratory,Influenza,Nation,England,influenza_testing_positivityByWeek,all,all,default,2020,2020-10-12,0.0600,False
infectious_disease,respiratory,Influenza,Nation,England,influenza_testing_positivityByWeek,all,all,default,2020,2020-10-05,0.1200,False
infectious_disease,respiratory,Influenza,Nation,England,influenza_testing_positivityByWeek,all,all,default,2020,2020-09-28,0.1900,False
infectious_disease,respiratory,Influenza,Nation,England,influenza_testing_positivityByWeek,all,all,default,2020,2020-09-21,0.0700,False
infectious_disease,respiratory,Influenza,Nation,England,influenza_testing_positivityByWeek,all,all,default,2020,2020-09-14,0.2300,False
infectious_disease,respiratory,Influenza,Nation,England,influenza_testing_positivityByWeek,all,all,default,2020,2020-09-07,0.0000,False
infectious_disease,respiratory,Influenza,Nation,England,influenza_testing_positivityByWeek,all,all,default,2020,2020-08-31,0.1000,False
infectious_disease,respiratory,Influenza,Nation,England,influenza_testing_positivityByWeek,all,all,default,2020,2020-08-24,0.0000,False
infectious_disease,respiratory,Influenza,Nation,England,influenza_testing_positivityByWeek,all,all,default,2020,2020-08-17,0.0000,False
infectious_disease,respiratory,Influenza,Nation,England,influenza_testing_positivityByWeek,all,all,default,2020,2020-08-10,0.0000,False
infectious_disease,respiratory,Influenza,Nation,England,influenza_testing_positivityByWeek,all,all,default,2020,2020-08-03,0.0000,False
infectious_disease,respiratory,Influenza,Nation,England,influenza_testing_positivityByWeek,all,all,default,2020,2020-07-27,0.0000,False
infectious_disease,respiratory,Influenza,Nation,England,influenza_testing_positivityByWeek,all,all,default,2020,2020-07-20,0.1200,False
infectious_disease,respiratory,Influenza,Nation,England,influenza_testing_positivityByWeek,all,all,default,2020,2020-07-13,0.0000,False
infectious_disease,respiratory,Influenza,Nation,England,influenza_testing_positivityByWeek,all,all,default,2020,2020-07-06,0.1200,False
infectious_disease,respiratory,Influenza,Nation,England,influenza_testing_positivityByWeek,all,all,default,2020,2020-06-29,0.0000,False
infectious_disease,respiratory,Influenza,Nation,England,influenza_testing_positivityByWeek,all,all,default,2020,2020-06-22,0.0000,False
infectious_disease,respiratory,Influenza,Nation,England,influenza_testing_positivityByWeek,all,all,default,2020,2020-06-15,0.0000,False
infectious_disease,respiratory,Influenza,Nation,England,influenza_testing_positivityByWeek,all,all,default,2020,2020-06-08,0.0000,False
infectious_disease,respiratory,Influenza,Nation,England,influenza_testing_positivityByWeek,all,all,default,2020,2020-06-01,0.0000,False
infectious_disease,respiratory,Influenza,Nation,England,influenza_testing_positivityByWeek,all,all,default,2020,2020-05-25,0.0000,False
infectious_disease,respiratory,Influenza,Nation,England,influenza_testing_positivityByWeek,all,all,default,2020,2020-05-18,0.0000,False
infectious_disease,respiratory,Influenza,Nation,England,influenza_testing_positivityByWeek,all,all,default,2020,2020-05-11,0.0000,False
infectious_disease,respiratory,Influenza,Nation,England,influenza_testing_positivityByWeek,all,all,default,2020,2020-05-04,0.0000,False
infectious_disease,respiratory,Influenza,Nation,England,influenza_testing_positivityByWeek,all,all,default,2020,2020-04-27,0.0600,False
infectious_disease,respiratory,Influenza,Nation,England,influenza_testing_positivityByWeek,all,all,default,2020,2020-04-20,0.5800,False
infectious_disease,respiratory,Influenza,Nation,England,influenza_testing_positivityByWeek,all,all,default,2020,2020-04-13,2.4800,False
infectious_disease,respiratory,Influenza,Nation,England,influenza_testing_positivityByWeek,all,all,default,2020,2020-04-06,0.1700,False
infectious_disease,respiratory,Influenza,Nation,England,influenza_testing_positivityByWeek,all,all,default,2020,2020-03-30,0.1400,False
infectious_disease,respiratory,Influenza,Nation,England,influenza_testing_positivityByWeek,all,all,default,2020,2020-03-23,0.8200,False
infectious_disease,respiratory,Influenza,Nation,England,influenza_testing_positivityByWeek,all,all,default,2020,2020-03-16,1.9700,False
infectious_disease,respiratory,Influenza,Nation,England,influenza_testing_positivityByWeek,all,all,default,2020,2020-03-09,3.8600,False
infectious_disease,respiratory,Influenza,Nation,England,influenza_testing_positivityByWeek,all,all,default,2020,2020-03-02,5.4900,False
infectious_disease,respiratory,Influenza,Nation,England,influenza_testing_positivityByWeek,all,all,default,2020,2020-02-24,5.8800,False
infectious_disease,respiratory,Influenza,Nation,England,influenza_testing_positivityByWeek,all,all,default,2020,2020-02-17,6.4500,False
infectious_disease,respiratory,Influenza,Nation,England,influenza_testing_positivityByWeek,all,all,default,2020,2020-02-10,6.7100,False
infectious_disease,respiratory,Influenza,Nation,England,influenza_testing_positivityByWeek,all,all,default,2020,2020-02-03,5.7300,False
infectious_disease,respiratory,Influenza,Nation,England,influenza_testing_positivityByWeek,all,all,default,2020,2020-01-27,7.8500,False
infectious_disease,respiratory,Influenza,Nation,England,influenza_testing_positivityByWeek,all,all,default,2020,2020-01-20,6.9200,False
infectious_disease,respiratory,Influenza,Nation,England,influenza_testing_positivityByWeek,all,all,default,2020,2020-01-13,9.2200,False
infectious_disease,respiratory,Influenza,Nation,England,influenza_testing_positivityByWeek,all,all,default,2020,2020-01-06,12.8900,False
infectious_disease,respiratory,Influenza,Nation,England,influenza_testing_positivityByWeek,all,all,default,2019,2019-12-30,19.2200,False
infectious_disease,respiratory,Influenza,Nation,England,influenza_testing_positivityByWeek,all,all,default,2019,2019-12-23,25.8700,False
infectious_disease,respiratory,Influenza,Nation,England,influenza_testing_positivityByWeek,all,all,default,2019,2019-12-16,22.5700,False
infectious_disease,respiratory,Influenza,Nation,England,influenza_testing_positivityByWeek,all,all,default,2019,2019-12-09,21.1200,False
infectious_disease,respiratory,Influenza,Nation,England,influenza_testing_positivityByWeek,all,all,default,2019,2019-12-02,20.2300,False
infectious_disease,respiratory,Influenza,Nation,England,influenza_testing_positivityByWeek,all,all,default,2019,2019-11-25,17.0100,False
infectious_disease,respiratory,Influenza,Nation,England,influenza_testing_positivityByWeek,all,all,default,2019,2019-11-18,15.1800,False
infectious_disease,respiratory,Influenza,Nation,England,influenza_testing_positivityByWeek,all,all,default,2019,2019-11-11,7.1200,False
infectious_disease,respiratory,Influenza,Nation,England,influenza_testing_positivityByWeek,all,all,default,2019,2019-11-04,3.6200,False
infectious_disease,respiratory,Influenza,Nation,England,influenza_testing_positivityByWeek,all,all,default,2019,2019-10-28,3.4500,False
infectious_disease,respiratory,Influenza,Nation,England,influenza_testing_positivityByWeek,all,all,default,2019,2019-10-21,2.7400,False
infectious_disease,respiratory,Influenza,Nation,England,influenza_testing_positivityByWeek,all,all,default,2019,2019-10-14,2.6800,False
infectious_disease,respiratory,Influenza,Nation,England,influenza_testing_positivityByWeek,all,all,default,2019,2019-10-07,2.4900,False
infectious_disease,respiratory,Influenza,Nation,England,influenza_testing_positivityByWeek,all,all,default,2019,2019-09-30,1.2200,False
infectious_disease,respiratory,Influenza,Nation,England,influenza_testing_positivityByWeek,all,all,default,2019,2019-09-23,2.0700,False
infectious_disease,respiratory,Influenza,Nation,England,influenza_testing_positivityByWeek,all,all,default,2019,2019-09-16,1.0700,False
infectious_disease,respiratory,Influenza,Nation,England,influenza_testing_positivityByWeek,all,all,default,2019,2019-09-09,1.3600,False
infectious_disease,respiratory,Influenza,Nation,England,influenza_testing_positivityByWeek,all,all,default,2019,2019-09-02,1.1900,False
infectious_disease,respiratory,Influenza,Nation,England,influenza_testing_positivityByWeek,all,all,default,2019,2019-08-26,2.2700,False
infectious_disease,respiratory,Influenza,Nation,England,influenza_testing_positivityByWeek,all,all,default,2019,2019-08-19,2.5100,False
infectious_disease,respiratory,Influenza,Nation,England,influenza_testing_positivityByWeek,all,all,default,2019,2019-08-12,1.8500,False
infectious_disease,respiratory,Influenza,Nation,England,influenza_testing_positivityByWeek,all,all,default,2019,2019-08-05,0.8600,False
infectious_disease,respiratory,Influenza,Nation,England,influenza_testing_positivityByWeek,all,all,default,2019,2019-07-29,0.9800,False
infectious_disease,respiratory,Influenza,Nation,England,influenza_testing_positivityByWeek,all,all,default,2019,2019-07-22,0.7400,False
infectious_disease,respiratory,Influenza,Nation,England,influenza_testing_positivityByWeek,all,all,default,2019,2019-07-15,1.0900,False
infectious_disease,respiratory,Influenza,Nation,England,influenza_testing_positivityByWeek,all,all,default,2019,2019-07-08,0.9500,False
infectious_disease,respiratory,Influenza,Nation,England,influenza_testing_positivityByWeek,all,all,default,2019,2019-07-01,1.2500,False
infectious_disease,respiratory,Influenza,Nation,England,influenza_testing_positivityByWeek,all,all,default,2019,2019-06-24,1.0200,False
infectious_disease,respiratory,Influenza,Nation,England,influenza_testing_positivityByWeek,all,all,default,2019,2019-06-17,1.1500,False
infectious_disease,respiratory,Influenza,Nation,England,influenza_testing_positivityByWeek,all,all,default,2019,2019-06-10,1.7300,False
infectious_disease,respiratory,Influenza,Nation,England,influenza_testing_positivityByWeek,all,all,default,2019,2019-06-03,2.0300,False
infectious_disease,respiratory,Influenza,Nation,England,influenza_testing_positivityByWeek,all,all,default,2019,2019-05-27,1.3700,False
infectious_disease,respiratory,Influenza,Nation,England,influenza_testing_positivityByWeek,all,all,default,2019,2019-05-20,2.6500,False
infectious_disease,respiratory,Influenza,Nation,England,influenza_testing_positivityByWeek,all,all,default,2019,2019-05-13,2.5700,False
infectious_disease,respiratory,Influenza,Nation,England,influenza_testing_positivityByWeek,all,all,default,2019,2019-05-06,3.4500,False
infectious_disease,respiratory,Influenza,Nation,England,influenza_testing_positivityByWeek,all,all,default,2019,2019-04-29,3.7400,False
infectious_disease,respiratory,Influenza,Nation,England,influenza_testing_positivityByWeek,all,all,default,2019,2019-04-22,5.5400,False
infectious_disease,respiratory,Influenza,Nation,England,influenza_testing_positivityByWeek,all,all,default,2019,2019-04-15,6.4700,False
infectious_disease,respiratory,Influenza,Nation,England,influenza_testing_positivityByWeek,all,all,default,2019,2019-04-08,7.2200,False
infectious_disease,respiratory,Influenza,Nation,England,influenza_testing_positivityByWeek,all,all,default,2019,2019-04-01,7.3700,False
infectious_disease,respiratory,Influenza,Nation,England,influenza_testing_positivityByWeek,all,all,default,2019,2019-03-25,9.2800,False
infectious_disease,respiratory,Influenza,Nation,England,influenza_testing_positivityByWeek,all,all,default,2019,2019-03-18,10.4000,False
infectious_disease,respiratory,Influenza,Nation,England,influenza_testing_positivityByWeek,all,all,default,2019,2019-03-11,11.3500,False
infectious_disease,respiratory,Influenza,Nation,England,influenza_testing_positivityByWeek,all,all,default,2019,2019-03-04,11.4000,False
infectious_disease,respiratory,Influenza,Nation,England,influenza_testing_positivityByWeek,all,all,default,2019,2019-02-25,15.5500,False
infectious_disease,respiratory,Influenza,Nation,England,influenza_testing_positivityByWeek,all,all,default,2019,2019-02-18,21.7000,False
infectious_disease,respiratory,Influenza,Nation,England,influenza_testing_positivityByWeek,all,all,default,2019,2019-02-11,26.6000,False
infectious_disease,respiratory,Influenza,Nation,England,influenza_testing_positivityByWeek,all,all,default,2019,2019-02-04,28.1200,False
infectious_disease,respiratory,Influenza,Nation,England,influenza_testing_positivityByWeek,all,all,default,2019,2019-01-28,25.5100,False
infectious_disease,respiratory,Influenza,Nation,England,influenza_testing_positivityByWeek,all,all,default,2019,2019-01-21,23.4400,False
infectious_disease,respiratory,Influenza,Nation,England,influenza_testing_positivityByWeek,all,all,default,2019,2019-01-14,21.3300,False
infectious_disease,respiratory,Influenza,Nation,England,influenza_testing_positivityByWeek,all,all,default,2019,2019-01-07,20.8900,False
infectious_disease,respiratory,Influenza,Nation,England,influenza_testing_positivityByWeek,all,all,default,2018,2018-12-31,15.7600,False
infectious_disease,respiratory,Influenza,Nation,England,influenza_testing_positivityByWeek,all,all,default,2018,2018-12-24,17.3000,False
infectious_disease,respiratory,Influenza,Nation,England,influenza_testing_positivityByWeek,all,all,default,2018,2018-12-17,12.1800,False
infectious_disease,respiratory,Influenza,Nation,England,influenza_testing_positivityByWeek,all,all,default,2018,2018-12-10,6.4400,False
infectious_disease,respiratory,Influenza,Nation,England,influenza_testing_positivityByWeek,all,all,default,2018,2018-12-03,5.1500,False
infectious_disease,respiratory,Influenza,Nation,England,influenza_testing_positivityByWeek,all,all,default,2018,2018-11-26,3.7700,False
infectious_disease,respiratory,Influenza,Nation,England,influenza_testing_positivityByWeek,all,all,default,2018,2018-11-19,3.1700,False
infectious_disease,respiratory,Influenza,Nation,England,influenza_testing_positivityByWeek,all,all,default,2018,2018-11-12,2.4200,False
infectious_disease,respiratory,Influenza,Nation,England,influenza_testing_positivityByWeek,all,all,default,2018,2018-11-05,2.5100,False
infectious_disease,respiratory,Influenza,Nation,England,influenza_testing_positivityByWeek,all,all,default,2018,2018-10-29,1.7000,False
infectious_disease,respiratory,Influenza,Nation,England,influenza_testing_positivityByWeek,all,all,default,2018,2018-10-22,0.9300,False
infectious_disease,respiratory,Influenza,Nation,England,influenza_testing_positivityByWeek,all,all,default,2018,2018-10-15,0.5400,False
infectious_disease,respiratory,Influenza,Nation,England,influenza_testing_positivityByWeek,all,all,default,2018,2018-10-08,0.8000,False
infectious_disease,respiratory,Influenza,Nation,England,influenza_testing_positivityByWeek,all,all,default,2018,2018-10-01,0.6700,False
infectious_disease,respiratory,Influenza,Nation,England,influenza_testing_positivityByWeek,all,all,default,2018,2018-09-24,0.4500,False
infectious_disease,respiratory,Influenza,Nation,England,influenza_testing_positivityByWeek,all,all,default,2018,2018-09-17,0.5000,False
infectious_disease,respiratory,Influenza,Nation,England,influenza_testing_positivityByWeek,all,all,default,2018,2018-09-10,1.1100,False
infectious_disease,respiratory,Influenza,Nation,England,influenza_testing_positivityByWeek,all,all,default,2018,2018-09-03,2.2700,False
infectious_disease,respiratory,Influenza,Nation,England,influenza_testing_positivityByWeek,all,all,default,2018,2018-08-27,1.3300,False
infectious_disease,respiratory,Influenza,Nation,England,influenza_testing_positivityByWeek,all,all,default,2018,2018-08-20,0.4400,False
infectious_disease,respiratory,Influenza,Nation,England,influenza_testing_positivityByWeek,all,all,default,2018,2018-08-13,0.5200,False
infectious_disease,respiratory,Influenza,Nation,England,influenza_testing_positivityByWeek,all,all,default,2018,2018-08-06,0.5400,False
infectious_disease,respiratory,Influenza,Nation,England,influenza_testing_positivityByWeek,all,all,default,2018,2018-07-30,0.5300,False
infectious_disease,respiratory,Influenza,Nation,England,influenza_testing_positivityByWeek,all,all,default,2018,2018-07-23,0.2500,False
infectious_disease,respiratory,Influenza,Nation,England,influenza_testing_positivityByWeek,all,all,default,2018,2018-07-16,0.1500,False
infectious_disease,respiratory,Influenza,Nation,England,influenza_testing_positivityByWeek,all,all,default,2018,2018-07-09,0.4300,False
infectious_disease,respiratory,Influenza,Nation,England,influenza_testing_positivityByWeek,all,all,default,2018,2018-07-02,0.5000,False
infectious_disease,respiratory,Influenza,Nation,England,influenza_testing_positivityByWeek,all,all,default,2018,2018-06-25,0.5600,False
infectious_disease,respiratory,Influenza,Nation,England,influenza_testing_positivityByWeek,all,all,default,2018,2018-06-18,0.4400,False
infectious_disease,respiratory,Influenza,Nation,England,influenza_testing_positivityByWeek,all,all,default,2018,2018-06-11,0.6700,False
infectious_disease,respiratory,Influenza,Nation,England,influenza_testing_positivityByWeek,all,all,default,2018,2018-06-04,0.3100,False
infectious_disease,respiratory,Influenza,Nation,England,influenza_testing_positivityByWeek,all,all,default,2018,2018-05-28,0.5900,False
infectious_disease,respiratory,Influenza,Nation,England,influenza_testing_positivityByWeek,all,all,default,2018,2018-05-21,1.0500,False
infectious_disease,respiratory,Influenza,Nation,England,influenza_testing_positivityByWeek,all,all,default,2018,2018-05-14,1.4800,False
infectious_disease,respiratory,Influenza,Nation,England,influenza_testing_positivityByWeek,all,all,default,2018,2018-05-07,1.5300,False
infectious_disease,respiratory,Influenza,Nation,England,influenza_testing_positivityByWeek,all,all,default,2018,2018-04-30,2.3400,False
infectious_disease,respiratory,Influenza,Nation,England,influenza_testing_positivityByWeek,all,all,default,2018,2018-04-23,2.9100,False
infectious_disease,respiratory,Influenza,Nation,England,influenza_testing_positivityByWeek,all,all,default,2018,2018-04-16,5.8900,False
infectious_disease,respiratory,Influenza,Nation,England,influenza_testing_positivityByWeek,all,all,default,2018,2018-04-09,9.7700,False
infectious_disease,respiratory,Influenza,Nation,England,influenza_testing_positivityByWeek,all,all,default,2018,2018-04-02,15.1300,False
infectious_disease,respiratory,Influenza,Nation,England,influenza_testing_positivityByWeek,all,all,default,2018,2018-03-26,16.5500,False
infectious_disease,respiratory,Influenza,Nation,England,influenza_testing_positivityByWeek,all,all,default,2018,2018-03-19,15.9200,False
infectious_disease,respiratory,Influenza,Nation,England,influenza_testing_positivityByWeek,all,all,default,2018,2018-03-12,18.6500,False
infectious_disease,respiratory,Influenza,Nation,England,influenza_testing_positivityByWeek,all,all,default,2018,2018-03-05,22.0600,False
infectious_disease,respiratory,Influenza,Nation,England,influenza_testing_positivityByWeek,all,all,default,2018,2018-02-26,23.2500,False
infectious_disease,respiratory,Influenza,Nation,England,influenza_testing_positivityByWeek,all,all,default,2018,2018-02-19,25.5800,False
infectious_disease,respiratory,Influenza,Nation,England,influenza_testing_positivityByWeek,all,all,default,2018,2018-02-12,25.9400,False
infectious_disease,respiratory,Influenza,Nation,England,influenza_testing_positivityByWeek,all,all,default,2018,2018-02-05,22.1100,False
infectious_disease,respiratory,Influenza,Nation,England,influenza_testing_positivityByWeek,all,all,default,2018,2018-01-29,23.0700,False
infectious_disease,respiratory,Influenza,Nation,England,influenza_testing_positivityByWeek,all,all,default,2018,2018-01-22,24.5200,False
infectious_disease,respiratory,Influenza,Nation,England,influenza_testing_positivityByWeek,all,all,default,2018,2018-01-15,24.0500,False
infectious_disease,respiratory,Influenza,Nation,England,influenza_testing_positivityByWeek,all,all,default,2018,2018-01-08,25.3600,False
infectious_disease,respiratory,Influenza,Nation,England,influenza_testing_positivityByWeek,all,all,default,2018,2018-01-01,25.5700,False
infectious_disease,respiratory,Influenza,Nation,England,influenza_testing_positivityByWeek,all,all,default,2017,2017-12-25,25.7100,False
infectious_disease,respiratory,Influenza,Nation,England,influenza_testing_positivityByWeek,all,all,default,2017,2017-12-18,19.9000,False
infectious_disease,respiratory,Influenza,Nation,England,influenza_testing_positivityByWeek,all,all,default,2017,2017-12-11,9.7800,False
infectious_disease,respiratory,Influenza,Nation,England,influenza_testing_positivityByWeek,all,all,default,2017,2017-12-04,7.4400,False
infectious_disease,respiratory,Influenza,Nation,England,influenza_testing_positivityByWeek,all,all,default,2017,2017-11-27,3.2700,False
infectious_disease,respiratory,Influenza,Nation,England,influenza_testing_positivityByWeek,all,all,default,2017,2017-11-20,3.4200,False
infectious_disease,respiratory,Influenza,Nation,England,influenza_testing_positivityByWeek,all,all,default,2017,2017-11-13,1.8500,False
infectious_disease,respiratory,Influenza,Nation,England,influenza_testing_positivityByWeek,all,all,default,2017,2017-11-06,1.1400,False
infectious_disease,respiratory,Influenza,Nation,England,influenza_testing_positivityByWeek,all,all,default,2017,2017-10-30,1.0300,False
infectious_disease,respiratory,Influenza,Nation,England,influenza_testing_positivityByWeek,all,all,default,2017,2017-10-23,1.3200,False
infectious_disease,respiratory,Influenza,Nation,England,influenza_testing_positivityByWeek,all,all,default,2017,2017-10-16,1.7400,False
infectious_disease,respiratory,Influenza,Nation,England,influenza_testing_positivityByWeek,all,all,default,2017,2017-10-09,1.8900,False
infectious_disease,respiratory,Influenza,Nation,England,influenza_testing_positivityByWeek,all,all,default,2017,2017-10-02,1.6000,False
infectious_disease,respiratory,Influenza,Nation,England,influenza_testing_positivityByWeek,all,all,default,2017,2017-09-25,1.3900,False
infectious_disease,respiratory,Influenza,Nation,England,influenza_testing_positivityByWeek,all,all,default,2017,2017-09-18,2.0000,False
infectious_disease,respiratory,Influenza,Nation,England,influenza_testing_positivityByWeek,all,all,default,2017,2017-09-11,2.8400,False
infectious_disease,respiratory,Influenza,Nation,England,influenza_testing_positivityByWeek,all,all,default,2017,2017-09-04,2.4200,False
infectious_disease,respiratory,Influenza,Nation,England,influenza_testing_positivityByWeek,all,all,default,2017,2017-08-28,1.1200,False
infectious_disease,respiratory,Influenza,Nation,England,influenza_testing_positivityByWeek,all,all,default,2017,2017-08-21,0.8600,False
infectious_disease,respiratory,Influenza,Nation,England,influenza_testing_positivityByWeek,all,all,default,2017,2017-08-14,1.2500,False
infectious_disease,respiratory,Influenza,Nation,England,influenza_testing_positivityByWeek,all,all,default,2017,2017-08-07,0.9700,False
infectious_disease,respiratory,Influenza,Nation,England,influenza_testing_positivityByWeek,all,all,default,2017,2017-07-31,1.2500,False
infectious_disease,respiratory,Influenza,Nation,England,influenza_testing_positivityByWeek,all,all,default,2017,2017-07-24,0.7300,False
infectious_disease,respiratory,Influenza,Nation,England,influenza_testing_positivityByWeek,all,all,default,2017,2017-07-17,0.8000,False
infectious_disease,respiratory,Influenza,Nation,England,influenza_testing_positivityByWeek,all,all,default,2017,2017-07-10,1.2200,False
infectious_disease,respiratory,Influenza,Nation,England,influenza_testing_positivityByWeek,all,all,default,2017,2017-07-03,1.7100,False
